,Actual 0,Actual 1,Actual 2,Actual 3,Actual 4,Pred 0,Pred 1,Pred 2,Pred 3,Pred 4
0,3378.9402,3419.94,3342.47,3381.28,3650.62,2944.4822,2931.9326,2914.303,2893.1902,2915.6846
1,121.42,121.65,117.99999,111.5,108.3,115.82517,26.797218,79.04008,-30.847775,67.641716
2,7193.2495,7272.7197,7260.06,7361.6597,6792.83,7036.7056,7043.0303,6928.9585,6843.313,6949.047
3,265.68,261.551,258.507,257.976,211.079,209.71739,124.45156,188.35745,102.95126,152.7088
4,8680.875,8406.516,8445.434,8367.848,8596.83,8668.075,8716.8125,8586.564,8521.463,8559.773
5,415.479,451.938,434.997,433.755,444.18204,308.4503,229.29553,297.52267,241.2738,240.67758
6,77.53,80.5258,68.431,70.2773,74.5611,96.72156,11.098414,48.384968,-60.514618,48.058144
7,375.01004,369.60403,376.854,374.785,375.095,286.8323,206.4591,274.7406,211.72276,221.69072
8,6625.56,6589.62,6556.0996,6502.59,6576.69,6657.703,6654.2983,6544.4106,6449.8003,6576.1543
9,262.5,296.41003,338.11,339.11,326.62,187.88766,101.32778,161.8024,70.609344,132.8303
10,11205.894,11747.022,11779.772,11601.473,11754.046,11189.292,11289.085,11123.159,11097.3545,11071.615
11,6856.93,6773.8794,6741.75,6329.95,6394.7095,6685.678,6683.9663,6570.084,6478.6445,6603.7793
12,19417.076,21310.598,22805.162,23137.96,23869.832,19142.584,19251.715,18986.83,18957.098,19287.08
13,6385.62,6409.2197,6411.27,6371.2695,6359.4897,6528.2495,6521.705,6414.6855,6317.2383,6449.0728
14,12254.401,11991.233,11758.283,11878.371,11592.488,11813.903,11922.017,11716.288,11710.587,11694.301
15,240.107,235.229,230.51198,230.644,230.304,191.88278,105.525665,168.35585,77.77344,136.77109
16,9045.391,9143.582,9190.8545,9137.993,9228.326,9179.199,9240.565,9119.134,9057.402,9067.344
17,9344.365,9293.521,9180.963,9613.424,9729.802,9321.524,9379.379,9226.278,9183.719,9204.157
18,236.121,229.782,237.334,243.86299,241.832,191.42764,105.03224,167.37184,76.78517,136.26135
19,61572.79,60683.824,56216.188,55724.266,56473.035,61322.86,61922.887,58805.457,57956.918,57236.773
20,270.386,266.376,264.08,265.68,261.551,209.69754,124.644394,188.9799,103.29439,152.9002
21,655.556,661.285,654.097,651.784,654.352,477.22662,408.7854,490.13834,481.22223,392.2451
22,7514.47,7633.76,7653.9795,7678.24,7624.9194,7635.6816,7657.0713,7518.5107,7449.1064,7537.2324
23,260.025,267.96,266.74,245.595,246.19699,208.0164,122.96279,187.61496,101.29565,151.54448
24,2671.7803,2809.01,2726.45,2757.18,2875.34,2365.1602,2343.0771,2385.7449,2361.0776,2329.8743
25,745.691,756.77405,777.944,771.155,773.8721,529.86273,464.7691,548.29755,554.6917,439.17017
26,7871.69,7708.99,7790.15,8036.49,8200.64,6936.496,6946.068,6766.5117,6704.8774,6847.999
27,886.618,899.07306,895.026,921.789,924.673,653.2923,591.6432,667.1091,674.467,565.58466
28,288.697,292.686,293.624,294.427,289.59,220.85014,136.4289,200.38205,118.329155,162.66092
29,1755.3599,1787.1299,1848.57,1724.24,1804.9099,1416.3328,1372.7145,1420.3884,1420.4688,1350.5742
30,6308.53,6488.76,6376.7095,6534.88,6719.96,6529.1343,6522.1675,6411.328,6316.8545,6450.0195
31,17776.7,16624.6,15802.9,13831.8,14699.2,19134.621,19206.123,18912.473,18921.814,19262.93
32,689.651,714.47906,701.864,700.972,729.7931,490.7367,423.16934,502.42526,498.24484,403.82422
33,109.5,108.3,107.6,102.737,103.95,106.94638,19.46109,63.967503,-45.16083,58.35505
34,5930.32,5526.6396,5750.8,5904.83,5780.9,6081.694,6061.114,5946.188,5845.9946,6009.434
35,11382.616,10895.83,10051.704,10311.545,10374.34,11485.314,11598.434,11448.115,11412.68,11373.659
36,3476.1147,3614.2344,3502.656,3424.5881,3486.9502,3357.9836,3360.569,3389.5698,3332.477,3353.1829
37,972.779,966.725,1045.77,1047.15,1039.97,778.3652,718.7281,802.25037,804.99634,695.85925
38,1251.0099,1274.9899,1255.1499,1267.1199,1272.8298,973.23816,918.9984,986.33374,989.75555,895.3037
39,10266.415,10181.641,10019.717,10070.392,9729.323,10160.849,10243.546,10087.565,10050.245,10041.59
40,352.92,367.573,376.901,375.348,368.37,272.84442,191.64978,261.0859,193.38243,209.59073
41,12823.688,12965.891,12931.538,13108.0625,13031.174,11724.659,11832.193,11600.747,11606.121,11600.4795
42,38053.504,35787.246,35615.87,35698.297,31676.693,38086.277,38878.832,37817.207,38201.848,38242.406
43,277.222,276.049,288.278,288.697,292.686,217.13765,132.41818,196.65775,113.3538,159.36859
44,9043.94,8441.49,8504.89,8723.94,8716.789,9260.735,9329.037,9204.032,9142.352,9149.573
45,754.01,771.4,802.3901,818.72,859.51,540.92926,476.11407,558.3655,565.99225,450.05502
46,2705.4102,2744.91,2608.72,2589.41,2478.45,2453.992,2433.1428,2451.7012,2432.7847,2416.9585
47,4151.52,4334.68,4371.6,4352.4,4382.88,3937.7993,3952.0684,3937.0781,3875.3108,3943.8938
48,966.725,1045.77,1047.15,1039.97,1026.4299,760.9101,702.2126,785.0784,788.04364,678.68896
49,3213.94,3378.9402,3419.94,3342.47,3381.28,2831.7505,2821.7695,2806.0718,2786.2004,2803.0037
50,374.44803,369.949,389.594,386.54904,376.52203,282.24924,201.72716,270.4997,205.77805,217.83029
51,285.218,281.882,278.577,279.585,260.997,220.84872,136.39676,201.09004,118.77673,162.75993
52,8820.521,8784.493,8672.455,8599.509,8562.454,9461.034,9522.332,9399.199,9342.744,9345.642
53,638.64606,641.631,639.193,637.96,630.52,462.9627,393.53275,472.42944,460.10428,379.1637
54,58870.895,57858.92,58346.656,58313.645,57523.42,57046.773,57557.766,55207.33,54812.5,54463.094
55,3648.4307,3653.5288,3632.0708,3616.8809,3620.8108,3484.0884,3483.7898,3464.3638,3424.49,3472.6436
56,7780.4395,7624.9097,7567.15,7434.3896,7032.8496,8144.891,8176.9946,8041.96,7974.9688,8039.959
57,291.76,296.379,294.354,285.337,281.885,220.67622,136.25687,200.02664,117.95861,162.48628
58,572.727,574.977,585.53705,576.597,581.645,404.2028,331.3548,405.32907,376.4652,326.5595
59,10369.563,10131.517,10242.348,10363.14,10400.914,10214.136,10316.171,10193.087,10129.605,10102.708
60,6308.52,6334.73,6580.6294,6423.76,6506.07,6321.2764,6311.0,6216.782,6108.25,6247.044
61,55888.137,56099.523,57539.945,54207.32,48824.426,55227.59,55027.316,54123.137,53294.43,53687.38
62,447.52603,461.907,460.499,449.42303,453.086,332.9315,255.55191,328.381,277.9762,263.359
63,7217.427,7243.1343,7269.6846,7124.674,7152.302,7368.494,7383.4185,7286.372,7195.326,7276.9546
64,397.81802,376.133,387.882,387.408,375.19803,307.55704,228.32002,294.8008,238.6928,239.51067
65,130.59,130.9,135.19,138.13,140.52,118.66046,29.170755,83.16659,-26.733078,70.493546
66,12573.813,12156.512,11358.661,11815.986,11392.379,11764.524,11882.717,11606.781,11628.962,11637.023
67,417.274,422.823,422.27902,432.98303,426.62,336.0272,258.73743,329.37967,280.64276,265.57303
68,8835.054,9181.018,9525.751,9439.124,9700.414,8859.447,8915.151,8796.488,8726.4375,8751.406
69,57750.18,57828.05,56631.08,57200.293,53333.54,56641.117,56643.02,55117.33,54423.01,54387.336
70,2732.1602,2805.62,2823.81,2947.71,2958.11,2512.535,2493.7573,2495.1758,2480.7432,2475.2278
71,57805.125,57332.09,61243.086,59302.32,55907.2,58460.12,58472.836,56751.18,55569.83,55667.836
72,236.145,232.07898,234.93,240.35799,239.018,183.0248,96.144005,158.2695,65.062584,128.8281
73,10169.567,10280.352,10369.563,10131.517,10242.348,10556.751,10667.848,10602.039,10517.589,10455.013
74,7271.208,8197.689,7978.3096,7963.328,7680.0664,7644.088,7654.7446,7574.8223,7485.478,7546.9243
75,55724.266,56473.035,53906.09,51762.273,51093.652,55645.83,56815.47,53349.87,53596.83,52967.88
76,1061.35,1063.0698,994.383,988.6741,1004.44995,814.35913,755.9485,830.5102,835.3008,731.8622
77,354.704,352.98904,357.61804,335.591,345.305,270.2738,189.02197,258.1698,189.712,207.30841
78,777.944,771.155,773.8721,758.7,764.224,541.74976,477.01205,559.1207,566.48615,450.87787
79,771.4,802.3901,818.72,859.51,933.53,544.37524,479.64838,561.9173,569.0511,453.5605
80,9525.363,9581.071,9536.893,9677.113,9905.167,9203.26,9262.777,9098.771,9056.381,9086.815
81,198.55,204.39,199.97,203.99998,206.17998,158.79648,70.65046,131.61943,31.301363,107.39656
82,389.546,382.845,386.475,383.15802,358.41702,292.69006,212.86131,281.92123,220.4021,227.12688
83,225.808,236.145,232.07898,234.93,240.35799,183.33768,96.55614,158.71707,65.532845,129.14618
84,35551.96,35862.38,33560.707,33472.633,37345.12,37022.74,37795.855,36933.375,37158.934,37296.85
85,3313.6772,3242.4849,3236.7617,3252.839,3545.865,3292.3528,3290.7979,3293.8147,3252.2258,3280.1926
86,9494.63,10166.4,10233.9,11112.7,10551.8,8591.536,8633.335,8481.571,8426.623,8479.094
87,387.536,382.299,387.168,380.149,420.23,300.3646,220.56421,293.727,233.39793,234.30042
88,128.799,129.0,129.3,122.292,122.222,120.06275,30.320185,85.49901,-24.503693,71.94239
89,4048.7258,4025.229,4032.5076,4071.1902,4087.476,3788.1948,3797.0342,3778.3005,3725.2686,3787.7734
90,228.57298,222.882,223.356,222.6,224.62599,181.43913,94.59095,157.20892,63.371994,127.61179
91,1079.9799,1115.2999,1117.44,1166.72,1173.68,827.1404,768.9013,842.3259,847.12354,744.763
92,94.6492,94.994,96.614006,88.05,90.134,103.72023,16.850294,59.374035,-49.808655,55.16694
93,7207.7593,7379.95,7407.41,7022.76,7144.3794,6860.65,6860.5967,6690.019,6628.874,6771.333
94,502.49603,511.57,511.153,507.81497,508.517,372.80518,297.82278,372.03055,333.73825,298.75577
95,1043.33,1078.2799,1151.17,1045.11,829.45,816.9751,756.3691,835.2776,839.54926,733.82074
96,2805.62,2823.81,2947.71,2958.11,2659.63,2526.5352,2504.782,2515.8267,2497.9382,2489.0325
97,231.947,234.01799,235.34398,240.348,238.872,189.1373,102.62751,165.33386,73.89316,134.32428
98,10131.057,10407.965,10159.96,10138.518,10370.82,10369.711,10442.384,10297.455,10260.192,10247.744
99,10280.352,10369.563,10131.517,10242.348,10363.14,10305.723,10413.187,10330.708,10250.042,10199.003
100,455.671,457.568,454.16302,453.783,454.61902,337.8213,260.7234,332.38324,283.89255,267.40494
101,7278.1196,7217.427,7243.1343,7269.6846,7124.674,7469.4585,7484.336,7372.2466,7290.5503,7374.468
102,768.132,770.81,772.79407,774.65,769.731,556.5544,492.13803,575.60077,582.4095,466.47787
103,1452.8198,1490.0898,1537.67,1555.45,1578.7999,1147.1973,1097.2377,1156.6427,1158.9789,1074.0983
104,404.425,399.52,377.181,375.46704,386.944,312.22424,233.16068,303.22116,247.52904,244.26837
105,328.015,314.166,325.43103,361.189,403.417,236.9625,153.44066,217.45479,140.35738,176.82393
106,7068.48,6951.8,6753.1196,6305.8,6568.2295,7273.3145,7288.5425,7219.912,7110.3076,7185.425
107,831.534,907.938,886.618,899.07306,895.026,608.60864,545.6546,626.42957,632.4277,519.95807
108,422.37302,420.785,437.164,438.798,437.748,307.54758,228.46559,297.37476,240.57668,240.10713
109,360.33002,407.37,420.2,417.95004,440.22003,256.7335,174.18051,239.78929,168.78925,194.452
110,35040.84,33572.12,33897.05,34668.547,35287.78,36155.523,36790.56,36025.742,36068.453,36494.234
111,546.658,505.97397,497.01,519.708,491.795,420.48813,348.48566,426.4683,401.40768,341.53802
112,9427.6875,9205.727,9199.584,9261.1045,9324.718,9213.181,9245.658,9030.313,9023.953,9083.824
113,569.642,546.658,505.97397,497.01,519.708,425.7395,353.9795,431.75037,408.37186,346.06085
114,6763.1895,6707.26,6884.6396,7096.28,7047.16,6642.7925,6642.5513,6515.28,6427.1377,6561.5776
115,585.53705,576.597,581.645,574.63,577.47,416.48026,343.98434,418.8774,393.62823,337.27493
116,3381.28,3650.62,3884.71,4073.2598,4325.13,3167.9146,3159.6152,3156.3003,3123.8894,3148.4966
117,6130.53,6468.4,6767.31,7078.5,7207.7593,6056.7676,6042.11,5922.797,5823.4785,5987.5293
118,23735.95,24664.79,26437.037,26272.295,27084.809,24836.984,25047.99,24489.979,24607.855,25305.832
119,56473.035,53906.09,51762.273,51093.652,50050.87,54752.035,55876.555,52763.684,52967.61,52532.957
120,276.178,272.72302,276.261,274.354,289.607,215.90315,130.86984,194.3688,111.028,157.98427
121,6568.2295,6184.71,6295.73,6322.6895,6297.57,6628.946,6626.5854,6573.4487,6450.134,6551.801
122,575.537,598.21204,608.634,606.59,610.436,419.0679,346.94016,423.76157,398.6239,340.04214
123,885.28,771.39,812.51,826.0,819.03,620.93097,558.8447,639.9013,645.8735,533.2642
124,610.892,612.13306,610.204,612.511,613.021,444.2977,373.84024,451.63052,433.79828,362.56122
125,222.92598,225.803,225.874,224.324,224.952,187.54076,100.93362,163.74442,71.78524,132.93925
126,873.26,892.58,872.6,876.12,705.97,690.3458,627.2982,700.4534,707.9852,601.8385
127,7556.238,7564.345,7400.8994,7278.1196,7217.427,7453.308,7472.68,7336.9434,7262.976,7358.2124
128,640.806,650.879,645.156,630.692,631.45703,449.6677,379.577,455.56326,440.07477,367.0323
129,101.2,107.99,106.09,104.0,104.501,100.4728,14.193181,53.934563,-54.985348,51.82428
130,821.798,831.534,907.938,886.618,899.07306,608.3005,545.79926,627.941,633.44666,520.1627
131,10363.14,10400.914,10442.17,10323.756,10680.838,10151.736,10234.894,10074.45,10038.233,10032.572
132,56396.516,57356.402,58803.777,58232.316,55859.797,57600.656,57926.344,55903.508,55163.79,55040.785
133,7824.2314,7822.0234,8043.9507,7954.128,7688.0767,8018.6465,8044.8213,7982.879,7882.2876,7920.533
134,1207.2098,1250.15,1265.49,1281.08,1317.73,1000.3546,946.5054,1015.2353,1017.84515,923.46216
135,7418.4897,7711.11,8424.27,8181.39,7951.5806,7394.652,7407.6313,7285.3105,7209.898,7300.4385
136,7963.328,7680.0664,7881.8467,7987.3716,8052.5435,7889.666,7919.8975,7757.353,7696.041,7785.208
137,16624.6,15802.9,13831.8,14699.2,13925.8,18462.824,18552.986,18444.61,18347.805,18612.68
138,3896.375,3903.9426,3911.4844,3901.1316,3963.3137,3648.3713,3653.3516,3647.9949,3595.5625,3645.1301
139,582.69,578.7701,549.26,565.61,559.79,405.33002,332.14597,411.184,381.57858,328.23947
140,3457.7927,3487.9456,3521.0608,3464.0134,3459.1543,3297.6892,3297.6045,3302.206,3258.4558,3286.5364
141,417.945,426.765,424.231,416.516,414.816,312.0574,233.27222,303.3549,247.51912,244.31068
142,11483.359,11742.037,11916.335,12823.688,12965.891,11308.941,11415.039,11242.024,11216.389,11191.254
143,361.189,403.417,411.563,386.354,374.47003,246.99922,164.02185,229.5843,155.29005,185.9506
144,649.159,653.15,633.02,586.952,600.163,474.77274,406.20956,486.1612,476.8769,389.85736
145,605.24,661.99,650.92,616.63,626.27,480.90085,412.67606,494.78098,486.62057,395.61847
146,1021.75,1043.84,1154.73,1013.38,902.201,763.24866,704.0133,779.1998,784.68,679.2911
147,229.286,225.855,225.808,236.145,232.07898,182.0422,95.091934,157.96843,64.296455,128.0908
148,229.284,227.18298,230.298,235.019,239.84,185.07458,98.30769,160.64919,68.087875,130.66805
149,51679.797,55888.137,56099.523,57539.945,54207.32,54692.703,54461.867,53839.953,52943.953,53529.68
150,907.938,886.618,899.07306,895.026,921.789,614.7793,551.62866,631.78015,638.6626,526.133
151,6295.73,6322.6895,6297.57,6199.71,6308.52,6430.8022,6426.636,6358.3994,6237.9067,6356.6216
152,48561.164,48927.305,48912.387,51206.695,52246.523,53403.805,53093.902,52738.73,52051.812,52681.92
153,7511.589,7355.628,7322.532,7275.156,7238.967,7198.5186,7206.3306,7081.844,7002.574,7106.706
154,274.023,276.496,281.654,283.68,285.3,210.50668,125.35429,189.08766,103.91731,153.40474
155,244.606,245.21199,243.944,246.99,244.29599,197.97212,111.90141,174.44424,85.84355,142.03308
156,7493.4883,8660.701,9244.972,9551.715,9256.148,7800.081,7819.6284,7739.719,7645.795,7702.089
157,3585.1233,3600.8655,3599.7659,3602.4604,3583.9658,3428.5356,3430.6228,3430.5671,3384.0833,3420.3904
158,24664.79,26437.037,26272.295,27084.809,27362.436,25075.02,25299.383,24687.262,24829.412,25549.035
159,6371.3,6398.54,6519.67,6734.9497,6721.98,6464.101,6454.646,6367.181,6260.8027,6386.8525
160,7032.8496,7068.48,6951.8,6753.1196,6305.8,7522.1816,7547.045,7460.034,7361.532,7430.707
161,437.69702,435.123,423.98904,421.651,410.93903,322.42212,244.24097,314.61383,261.88748,253.49173
162,10115.976,10178.372,10410.127,10360.547,10358.049,10324.922,10410.217,10252.489,10216.858,10205.041
163,771.39,812.51,826.0,819.03,829.92,647.5673,585.9386,662.7434,669.35785,559.8689
164,3630.6753,3655.0068,3678.5642,3657.8396,3728.5684,3479.9993,3485.3655,3480.728,3431.8953,3473.94
165,232.879,247.84702,253.718,273.473,263.475,183.69357,96.83782,157.7964,65.23367,129.18375
166,3448.1172,3486.182,3457.7927,3487.9456,3521.0608,3352.3396,3350.9558,3356.5781,3311.222,3341.559
167,254.322,253.69702,260.598,255.492,253.18,198.9429,113.13213,175.8867,87.37487,143.05702
168,22803.08,23783.03,23241.344,23735.95,24664.79,24838.89,24971.504,24349.252,24541.354,25269.432
169,8838.375,8994.487,9320.353,9081.763,9273.521,8376.098,8414.663,8231.072,8191.268,8265.379
170,407.488,416.32202,422.37302,420.785,437.164,300.44775,220.80525,289.25073,230.34523,233.64796
171,605.693,609.735,613.983,610.892,612.13306,440.4486,369.66882,447.608,428.60977,359.13632
172,436.57202,442.40103,454.985,455.653,417.274,330.885,253.25589,325.7948,275.0544,261.39288
173,237.54898,237.293,238.73,238.25899,240.383,190.06412,103.59545,166.1378,75.028885,135.10909
174,3582.88,4065.1997,3924.97,3905.95,3631.0403,3425.7505,3435.179,3438.5007,3385.8472,3421.4766
175,650.92,616.63,626.27,626.6,623.03,467.16202,398.7723,479.4286,467.53445,383.77985
176,672.864,665.685,665.012,650.619,655.556,486.60687,418.65765,498.66266,493.088,400.21878
177,235.34398,240.348,238.872,240.953,237.10999,188.12114,101.609474,164.18396,72.438416,133.44992
178,278.981,275.833,277.222,276.049,288.278,216.29637,131.56273,196.21773,112.51205,158.73834
179,269.228,284.894,293.11502,310.867,292.054,211.93686,126.84117,190.59015,105.94536,154.66972
180,414.063,458.787,515.586,527.395,495.963,311.78705,233.61252,303.75427,247.37874,244.42789
181,11246.349,11205.894,11747.022,11779.772,11601.473,11253.78,11342.146,11162.473,11145.653,11129.798
182,314.249,315.032,281.082,264.195,274.474,243.77307,160.85808,226.63275,150.98631,183.2909
183,287.722,284.65,281.601,282.614,281.227,227.33507,143.17802,208.13599,127.82329,168.46857
184,2518.44,2372.56,2337.7903,2398.8403,2357.9001,2335.2805,2312.862,2344.5215,2324.4583,2297.4297
185,5036.6807,5059.817,5198.8965,5289.7705,5204.958,4806.2354,4825.032,4737.896,4674.6904,4821.0396
186,40406.273,38347.062,38053.504,35787.246,35615.87,38719.23,39465.266,38291.0,38649.348,38816.18
187,380.257,336.819,311.084,338.152,336.753,286.6338,206.4194,275.88153,212.26534,221.8143
188,566.355,578.28906,575.043,587.778,592.69,426.27594,354.5665,437.01025,412.33624,347.36505
189,6642.1094,7116.804,7096.184,7257.6646,7189.425,6886.7437,6892.4287,6790.057,6692.717,6802.9307
190,579.65106,569.947,573.912,574.107,577.503,423.0153,351.1768,428.45663,404.3597,343.64005
191,6191.193,6198.778,6185.066,5830.2544,6416.3145,5205.992,5240.06,5178.57,5079.185,5233.7515
192,325.74902,325.892,327.55402,330.492,339.486,261.09866,179.22818,246.7804,175.97319,198.87532
193,402.152,435.791,423.20502,411.574,404.425,303.79587,224.93507,296.144,237.02914,237.47104
194,7587.3394,7480.14,7355.8794,7368.2197,7135.9897,7851.2847,7874.904,7810.5664,7708.819,7755.1196
195,9538.023,9480.256,9411.841,9288.019,9332.341,9361.841,9427.133,9276.945,9227.455,9246.106
196,239.018,236.121,229.782,237.334,243.86299,190.46632,104.04918,166.1775,75.344124,135.40543
197,315.032,281.082,264.195,274.474,286.189,243.49516,160.41664,226.20786,150.54959,182.93027
198,10709.652,10844.641,10784.491,10619.452,10575.975,10681.835,10769.384,10579.006,10562.975,10557.552
199,5922.043,6429.842,6438.6445,6606.7764,6793.6245,6466.407,6457.3896,6386.177,6273.254,6390.574
200,7624.9194,7531.9795,6786.02,6906.9194,6582.36,7637.9634,7660.6357,7535.076,7459.045,7540.765
201,2318.88,2273.43,2817.6,2667.76,2810.1204,1877.201,1849.5836,1894.3755,1880.7194,1829.6909
202,6881.9585,6880.323,7117.207,7429.724,7550.901,7188.2134,7195.3896,7063.6304,6987.4717,7095.6797
203,245.21199,243.944,246.99,244.29599,240.51498,196.96306,110.838,173.8388,84.831184,141.22867
204,5831.7896,5678.19,5725.59,5605.51,5590.69,5434.429,5450.74,5318.7334,5243.947,5429.972
205,11410.525,11584.934,11784.137,11768.87,11865.698,11735.363,11848.697,11648.146,11636.69,11617.314
206,8163.692,8079.8633,7879.0713,8166.554,8037.537,7558.16,7578.404,7422.763,7361.0415,7460.254
207,994.383,988.6741,1004.44995,999.18097,990.6421,836.29,778.5958,851.46606,856.04913,754.32074
208,3342.47,3381.28,3650.62,3884.71,4073.2598,3164.6223,3156.426,3139.3413,3112.083,3143.0244
209,235.229,230.51198,230.644,230.304,229.091,192.19708,105.9274,168.68764,78.163826,137.07426
210,8595.74,8586.474,8321.757,8336.555,8321.005,8156.9517,8192.599,8053.86,7987.2915,8052.18
211,1804.9099,1808.9099,1738.43,1734.45,1839.09,1536.1823,1493.1012,1546.5635,1542.5315,1473.9248
212,15579.849,15565.881,14833.754,15479.566,15332.315,14008.848,14150.013,13893.71,13896.181,13923.806
213,1987.7098,2084.73,2041.2,2173.4,2320.42,1607.4006,1568.6838,1612.4705,1608.1559,1547.5189
214,458.555,461.426,466.08902,444.68704,449.011,332.9702,255.42052,326.34305,276.74594,262.9001
215,7419.2896,7418.4897,7711.11,8424.27,8181.39,7370.2485,7376.7676,7240.462,7173.2725,7273.367
216,229.091,229.80998,232.97499,231.49298,231.212,186.45041,99.851295,162.50566,70.20761,131.99635
217,11359.399,11259.4,11171.399,11440.7,11786.3,11024.845,11136.912,11059.657,10985.72,10921.991
218,129.65,127.04,127.43001,129.12,125.950005,120.312294,30.501675,85.77077,-24.21728,72.14822
219,606.272,547.465,566.355,578.28906,575.043,464.69916,395.26257,476.28467,463.795,380.97455
220,701.864,700.972,729.7931,740.829,688.7,505.31207,438.53638,518.3254,518.6179,416.75436
221,5753.0894,6153.85,6130.53,6468.4,6767.31,5914.418,5893.856,5795.5396,5681.2817,5847.241
222,737.226,666.652,596.116,623.97705,665.2991,550.1635,485.19986,566.58777,574.4339,459.24124
223,1490.0898,1537.67,1555.45,1578.7999,1596.7098,1187.7231,1138.275,1194.8551,1197.0822,1115.1654
224,9527.16,10144.557,10701.691,10855.371,11011.103,9130.304,9182.363,9017.693,8977.755,9013.123
225,3678.9248,3687.3657,3661.301,3552.9531,3706.0525,3887.0808,3896.013,3873.5276,3819.5312,3888.1404
226,118.76,123.015,123.498,121.99,122.0,110.14135,22.119148,69.68488,-39.815884,61.77451
227,9395.01,9337.549,8866.0,9578.63,9205.12,10446.215,10533.964,10487.353,10400.175,10340.049
228,320.843,331.886,334.572,322.53403,319.008,248.68747,166.20067,232.01787,157.73401,187.71138
229,19201.092,19445.398,18699.766,19154.23,19345.121,18956.785,19038.908,18742.287,18749.146,19072.287
230,2515.35,2511.81,2686.8103,2863.2002,2732.1602,2182.783,2155.9165,2173.7937,2163.5305,2136.9878
231,6968.3193,7889.25,7895.96,7986.24,8329.11,6865.7095,6867.8867,6762.2734,6669.439,6781.5376
232,129.0,126.94001,126.0,130.69,130.59,117.96192,28.63574,81.764305,-28.062578,69.70426
233,649.36,647.659,664.551,654.468,658.078,475.7407,407.37885,488.19302,478.8383,390.91864
234,7814.915,7994.4165,8205.167,7884.909,7343.8955,6925.7427,6921.602,6748.6616,6689.201,6832.198
235,9450.702,9538.023,9480.256,9411.841,9288.019,9361.289,9427.4375,9288.256,9234.288,9246.357
236,13980.6,14360.199,13772.0,13819.8,11490.5,14162.698,14332.593,14286.181,14147.21,14134.106
237,230.304,229.091,229.80998,232.97499,231.49298,187.06908,100.47989,163.31386,71.1902,132.56375
238,9419.08,9240.55,9119.01,9235.92,9743.859,9141.76,9202.705,9048.376,9001.765,9027.711
239,6334.73,6580.6294,6423.76,6506.07,6308.53,6343.8257,6334.981,6234.415,6131.218,6269.531
240,107.99,106.09,104.0,104.501,104.005,101.764496,15.2547035,55.8142,-53.111378,53.090683
241,9630.663,9757.971,10346.761,10623.54,10594.493,9562.474,9641.109,9527.082,9462.941,9451.949
242,1120.5399,1049.14,1038.59,937.52,972.779,825.8492,769.96564,847.6184,849.4309,745.5046
243,58323.953,58245.004,59793.24,60204.97,59893.453,57021.375,57508.54,55094.74,54767.875,54349.402
244,5238.4385,6191.193,6198.778,6185.066,5830.2544,5173.4185,5207.4727,5158.622,5060.439,5206.3877
245,5198.8965,5289.7705,5204.958,5324.552,5064.4873,4986.0195,5013.7856,4947.1826,4868.404,5012.658
246,10970.185,11805.654,11478.169,11941.969,11966.407,10553.096,10630.271,10393.581,10403.565,10421.231
247,90.58,92.17,89.3901,90.7573,91.61,100.86603,14.473922,54.570717,-54.35297,52.19978
248,6734.8037,6681.063,6716.4404,6469.798,6242.194,6266.637,6256.529,6140.4673,6047.527,6194.1777
249,7144.3794,7459.69,7143.58,6618.14,6357.6,7202.147,7205.987,7101.72,7015.4023,7110.0337
250,10767.14,10599.105,10343.106,9900.768,9811.926,10357.658,10443.358,10226.807,10217.93,10228.8955
251,673.337,676.296,703.7021,658.664,683.662,467.0793,398.02744,478.21677,466.50458,383.10068
252,140.52,145.24,142.55,146.25,155.96,122.73546,32.486713,89.3221,-20.643269,74.57398
253,8784.493,8672.455,8599.509,8562.454,8869.67,9089.072,9146.347,9069.813,8986.239,8981.521
254,44918.184,47909.332,47504.855,47105.52,48717.293,47595.98,47064.79,47364.605,47585.336,48276.324
255,9412.612,9342.527,9360.88,9267.561,8804.881,9195.617,9253.572,9103.92,9053.938,9079.688
256,663.86,629.15,617.45,636.96,627.79,475.8891,406.46103,482.3778,475.23734,389.52747
257,491.795,461.46,485.245,511.98,517.237,378.12415,304.17773,379.96457,342.22476,304.1898
258,7204.7715,6972.3716,7814.915,7994.4165,8205.167,6294.3936,6282.843,6145.7026,6057.639,6218.0225
259,322.022,326.927,324.536,323.046,320.046,253.16136,170.58855,237.17943,164.29077,191.55928
260,413.30704,418.089,418.041,416.394,417.17703,309.16586,230.30507,300.409,243.62843,241.82915
261,580.182,577.761,579.65106,569.947,573.912,425.7792,354.06076,430.89682,407.7891,345.95828
262,6281.2,6371.3,6398.54,6519.67,6734.9497,6571.151,6565.5347,6456.553,6361.221,6491.2104
263,387.168,380.149,420.23,410.262,382.49203,291.11432,211.52567,281.97888,219.28575,226.17099
264,919.75,921.59,919.496,920.382,970.403,695.3628,634.6618,713.32214,718.7512,609.6404
265,911.19904,902.828,907.6791,777.757,804.834,721.7623,661.85486,749.6715,752.21094,638.889
266,8756.431,8601.796,8804.478,9269.987,9733.721,9617.818,9670.555,9495.571,9469.193,9493.164
267,7422.6523,7292.995,7193.599,7200.1743,6985.4697,7297.2617,7312.62,7194.5464,7111.0146,7205.7515
268,7633.76,7653.9795,7678.24,7624.9194,7531.9795,7578.4043,7595.1777,7476.0337,7398.231,7480.985
269,614.544,626.316,622.861,623.509,606.719,441.78143,370.90146,448.0031,429.8523,360.05487
270,423.734,424.28204,429.71304,430.572,427.399,316.44952,237.97581,308.12607,253.56735,248.22688
271,237.293,238.73,238.25899,240.383,246.06299,190.4323,104.0142,166.55939,75.57194,135.45126
272,35678.13,37332.855,36684.926,37575.184,39208.766,35232.37,36093.77,35628.58,35580.883,35733.29
273,4365.94,4347.11,3880.7603,4009.9697,3779.1301,4598.676,4635.1553,4650.295,4544.871,4634.428
274,622.861,623.509,606.719,608.243,609.241,449.8596,379.73203,457.32663,441.32394,367.43707
275,639.797,640.806,650.879,645.156,630.692,435.36127,364.17972,440.71094,420.603,354.34033
276,6734.9497,6721.98,6710.63,6595.4097,6446.4697,6506.391,6503.3374,6391.8267,6294.106,6428.7295
277,2506.37,2464.58,2518.5603,2655.8801,2548.29,2524.2732,2505.7263,2542.248,2515.068,2493.2905
278,676.296,703.7021,658.664,683.662,670.627,476.28326,408.03204,486.9533,478.37085,391.1852
279,417.96,420.873,420.904,421.44403,424.03,311.94254,233.2344,303.68433,247.69493,244.33266
280,320.16602,330.751,335.09402,334.59003,326.149,255.74474,173.5557,240.11115,167.64738,193.97676
281,4382.66,4579.0195,4565.3,4703.3896,4892.0093,4250.736,4266.4053,4229.3564,4166.8594,4260.428
282,331.886,334.572,322.53403,319.008,327.924,248.29707,165.49362,231.35808,157.09218,187.16289
283,5563.7065,5200.366,5392.315,5014.4795,5225.629,6532.592,6510.068,6611.4814,6414.0806,6459.0005
284,243.59398,250.99002,249.011,257.064,263.072,194.20764,108.05895,171.06259,81.09128,138.89885
285,352.98904,357.61804,335.591,345.305,338.321,269.33847,188.14478,256.46503,187.84702,206.43146
286,326.927,324.536,323.046,320.046,328.206,250.31519,167.59114,234.48735,160.75269,189.13705
287,8630.65,8913.47,8929.28,8728.47,8879.62,8106.4136,8148.3726,8033.4395,7950.4395,8007.2485
288,2574.79,2539.32,2480.8403,2434.55,2506.4702,2315.5664,2294.3245,2331.1167,2308.8464,2278.8264
289,8038.77,8253.689,8790.92,9330.55,9818.35,8126.9937,8157.5205,8010.1514,7951.5625,8021.435
290,13016.231,11182.807,12407.332,11959.37,10817.156,11303.113,11394.577,11110.345,11149.997,11167.726
291,36069.805,35547.754,30825.7,33005.766,32067.645,36215.195,37044.215,36360.16,36378.91,36608.426
292,635.807,624.086,624.818,624.509,616.762,460.3061,390.8142,470.88916,457.3394,377.10587
293,4158.183,4879.8774,4973.0215,4922.799,5036.6807,3965.8352,3977.2346,3954.1064,3896.7095,3969.6377
294,4071.1902,4087.476,4029.3267,4023.968,4035.8262,3881.8413,3890.9424,3868.4946,3814.2937,3882.8765
295,35862.38,33560.707,33472.633,37345.12,36702.6,36002.773,36817.9,36178.785,36246.086,36406.9
296,379.474,378.255,368.767,373.056,374.44803,292.12006,212.02855,281.62302,219.85432,226.55382
297,7889.25,7895.96,7986.24,8329.11,8058.6694,6928.9688,6935.5137,6820.499,6732.8823,6843.791
298,645.156,630.692,631.45703,635.807,624.086,465.6047,396.16434,473.50327,462.47687,381.10925
299,122.0,122.88,123.889,126.700005,133.2,114.89882,25.95783,76.84803,-32.714653,66.514496
300,7954.4795,7165.7,6890.52,6973.53,6844.2295,8060.3135,8094.639,8028.447,7926.7725,7963.106
301,391.442,389.546,382.845,386.475,383.15802,290.9385,210.80444,280.26846,218.26393,225.53767
302,8103.911,7973.208,7988.561,8222.078,8243.722,8116.522,8148.7344,8040.997,7960.9,8014.443
303,32067.645,32289.379,32366.395,32569.85,30432.547,34040.95,34832.402,34483.934,34272.75,34621.668
304,424.44,394.796,408.904,398.821,402.152,344.04388,267.26645,340.4661,293.48358,273.141
305,130.37,131.72,131.65999,131.47,129.65,120.46732,30.535704,86.0293,-23.916216,72.26165
306,27084.809,27362.436,28840.953,29001.72,29374.15,28969.926,29365.58,28065.205,28673.982,29528.428
307,9477.642,9693.803,10666.483,10530.732,10767.14,10735.721,10852.499,10745.193,10678.421,10630.24
308,245.595,246.19699,248.532,247.02899,252.79799,209.88092,124.66708,188.10555,102.8487,152.78584
309,1039.97,1026.4299,1071.7899,1080.4999,1102.17,810.22784,752.037,822.4571,827.81433,726.8594
310,585.436,584.653,588.869,592.577,589.3721,428.86923,357.34552,434.6594,412.4752,348.79144
311,609.735,613.983,610.892,612.13306,610.204,440.5559,369.80966,447.79703,428.83096,359.25943
312,623.509,606.719,608.243,609.241,610.684,451.72314,381.60364,459.5286,443.96402,369.04944
313,4022.1682,3963.0706,3985.0808,4087.0662,4069.107,3893.3762,3904.4163,3887.3623,3829.8137,3896.495
314,8181.39,7951.5806,8165.01,8192.15,8218.46,7966.923,8001.3594,7802.317,7763.245,7861.4346
315,9598.173,9630.663,9757.971,10346.761,10623.54,9651.444,9724.173,9624.367,9556.894,9540.083
316,771.155,773.8721,758.7,764.224,768.132,555.9031,491.49054,572.247,579.8081,465.30554
317,9330.55,9818.35,10058.8,9888.61,10233.6,8435.437,8480.429,8298.711,8254.957,8325.611
318,3854.358,3851.0476,3854.7852,3859.5837,3864.4153,3748.4675,3756.1245,3753.119,3696.2434,3749.3992
319,226.897,233.406,232.879,247.84702,253.718,173.35861,85.82559,147.02852,51.119118,120.07716
320,919.496,920.382,970.403,989.023,1011.8,703.59406,642.6719,720.24475,725.9248,617.6949
321,658.078,663.255,660.767,679.459,673.106,475.54974,407.00644,486.8304,477.77866,390.47815
322,37345.12,36702.6,37334.4,35552.516,39097.86,34513.098,35313.37,34888.457,34738.97,35056.652
323,122.292,122.222,121.42,121.65,117.99999,119.06645,29.467566,83.89255,-26.043041,70.8993
324,455.67,455.671,457.568,454.16302,453.783,337.28485,260.1761,331.99094,283.30603,266.9758
325,9341.704,8820.521,8784.493,8672.455,8599.509,9668.182,9733.498,9573.501,9535.376,9547.287
326,13271.285,13437.884,13546.521,13780.994,13737.109,13362.574,13499.879,13240.9795,13251.652,13261.685
327,15565.881,14833.754,15479.566,15332.315,15290.903,14883.316,15032.523,14654.0205,14713.634,14799.369
328,131.72,131.65999,131.47,129.65,127.04,119.93751,30.131134,85.45222,-24.536776,71.81903
329,7790.15,8036.49,8200.64,8071.2593,8253.55,7605.7637,7611.992,7419.4062,7382.323,7498.876
330,9132.487,9073.943,9375.475,9252.277,9428.332,9054.028,9108.795,8969.866,8914.5205,8940.487
331,597.149,596.298,602.842,602.625,600.826,442.72574,372.10947,450.20697,431.84586,361.18823
332,3486.182,3457.7927,3487.9456,3521.0608,3464.0134,3301.3687,3300.1143,3309.4736,3264.3203,3290.4163
333,433.09103,431.96,429.105,458.048,453.23,321.95895,243.76077,314.50702,261.4796,253.15521
334,3728.5684,3601.0137,3576.0325,3604.5771,3585.1233,3491.7195,3493.489,3486.528,3441.3015,3483.5085
335,357.61804,335.591,345.305,338.321,325.74902,269.0081,187.70334,255.3742,186.80298,205.93495
336,56008.55,57805.125,57332.09,61243.086,59302.32,57452.28,57378.023,55999.297,54811.508,55124.254
337,50050.87,49004.258,54021.758,55033.117,54824.707,52331.28,52820.34,51172.926,51379.246,51302.496
338,7459.69,7143.58,6618.14,6357.6,5950.0693,7162.261,7173.0947,7074.438,6982.908,7074.5522
339,624.509,616.762,632.003,633.713,626.497,455.01028,385.22775,464.6722,449.56183,372.33374
340,11112.7,10551.8,11225.299,11403.7,10690.4,9949.373,10003.804,9736.577,9758.993,9811.442
341,6329.95,6394.7095,6228.8096,6238.05,6276.1196,6792.7466,6792.117,6682.52,6590.8276,6708.874
342,58245.004,59793.24,60204.97,59893.453,63503.457,58266.133,58686.33,56356.836,55676.676,55370.703
343,285.337,281.885,286.393,290.593,285.505,228.72838,144.59401,209.00278,129.3272,169.55467
344,118.501,120.045,122.111,120.056,126.49999,114.50938,25.65346,76.230774,-33.32387,66.11796
345,453.384,473.46402,530.0399,526.233,533.864,332.47208,254.9961,325.97202,276.07767,262.52838
346,526.233,533.864,531.386,536.92,537.972,365.80084,290.6795,359.88544,320.64316,291.85562
347,39097.86,40218.48,40406.273,38347.062,38053.504,36265.246,36979.766,36263.84,36393.914,36608.785
348,619.415,601.733,601.089,595.813,593.85205,452.3371,382.3674,461.40778,445.70047,369.88034
349,8329.11,8058.6694,7902.09,8163.42,8294.31,7833.4077,7848.2974,7665.897,7624.2827,7725.8857
350,8897.469,8912.654,9003.069,9268.762,9951.519,8813.837,8853.23,8667.328,8636.039,8695.7705
351,6461.01,6530.1396,6453.72,6385.62,6409.2197,6456.3193,6449.9204,6344.268,6244.7495,6379.3276
352,15332.315,15290.903,15701.34,16276.344,16317.809,15343.656,15483.649,15229.75,15221.765,15305.408
353,1143.84,1165.1998,1179.97,1179.97,1222.5,934.3872,878.64264,945.8555,950.5496,854.6735
354,970.403,989.023,1011.8,1029.91,1042.9,705.02045,644.12286,722.4774,728.0705,619.33636
355,213.62,198.22998,186.69,177.32,196.44,155.84729,67.15112,126.13885,25.652514,104.16308
356,17717.414,18177.484,19625.834,18803.0,19201.092,17418.854,17573.508,17530.814,17378.727,17542.734
357,6602.9497,6652.23,6642.6396,6585.53,6256.2397,6636.9873,6634.4023,6525.827,6429.9277,6556.2183
358,31637.78,32186.281,34649.65,34434.336,35867.777,35244.984,35941.906,35301.6,35232.918,35675.867
359,4163.0693,4338.71,4403.74,4409.3193,4317.48,3984.5703,3994.1943,3948.7424,3899.689,3984.0693
360,780.087,780.5561,781.4811,778.088,784.90704,563.4245,499.08377,581.7464,588.6179,473.36172
361,5014.4795,5225.629,5238.4385,6191.193,6198.778,5438.0293,5467.7764,5454.0537,5307.7236,5437.722
362,9818.35,10058.8,9888.61,10233.6,10975.6,8878.177,8927.694,8697.671,8683.083,8757.499
363,135.35,138.34,135.85,136.77,126.74,118.24313,28.849367,82.18258,-27.587587,70.02848
364,657.588,678.3041,688.313,689.651,714.47906,473.38132,404.4703,483.62646,474.37244,388.32086
365,38347.062,38053.504,35787.246,35615.87,35698.297,39282.91,39997.965,38738.617,39230.492,39302.773
366,864.54004,921.984,898.822,896.183,907.61,604.68207,541.6014,620.7812,627.9023,515.6801
367,5067.108,5235.559,5251.938,5298.3857,5303.8125,5110.109,5146.9214,5089.664,4995.062,5145.217
368,226.68399,235.34999,232.569,230.38998,228.169,189.77393,103.06989,168.14742,76.26197,135.13414
369,288.278,288.697,292.686,293.624,294.427,217.06013,132.30853,196.56464,113.26967,159.29439
370,9392.875,9344.365,9293.521,9180.963,9613.424,9321.497,9373.407,9206.06,9171.627,9200.691
371,243.86299,241.832,240.296,242.15799,241.112,189.12831,102.705025,165.35797,73.939,134.381
372,9889.425,9934.434,9690.143,10141.997,9633.387,10199.598,10278.077,10098.411,10074.253,10076.67
373,872.6,876.12,705.97,682.12,522.69995,676.4071,614.84827,695.54803,701.57214,590.24585
374,371.294,377.32104,362.488,359.187,361.046,269.54453,187.86214,253.92844,186.32657,205.8539
375,498.075,508.286,502.49603,511.57,511.153,376.469,301.445,373.92154,337.06934,301.46652
376,4017.2686,4214.672,4139.878,3894.131,3956.8938,4049.1147,4062.3057,4009.7014,3959.7732,4050.6086
377,386.54904,376.52203,376.62,373.447,376.02902,287.06674,206.86084,274.6442,211.73836,221.923
378,7463.106,7761.243,7569.6304,7424.292,7321.988,7354.4106,7374.142,7234.5654,7160.9546,7261.612
379,531.386,536.92,537.972,569.194,572.727,385.6115,310.89664,382.64294,349.12747,309.26605
380,342.44,360.33002,407.37,420.2,417.95004,251.89093,168.6347,233.11957,160.96254,189.66356
381,6482.35,6487.1597,6475.7397,6495.84,6476.29,6539.245,6536.175,6436.54,6334.7046,6461.5156
382,3960.9111,4048.7258,4025.229,4032.5076,4071.1902,3764.7327,3773.2856,3758.539,3704.781,3764.3088
383,9243.214,9192.837,9132.228,9151.393,9159.04,9187.803,9247.248,9100.823,9049.135,9072.805
384,48717.293,47945.06,49199.87,52149.008,51679.797,48870.14,48766.19,48587.19,48950.406,49408.293
385,9320.353,9081.763,9273.521,9527.16,10144.557,8789.261,8829.332,8637.579,8607.41,8670.973
386,5399.365,5572.362,5464.8667,5210.515,5279.348,5328.625,5349.6753,5280.3228,5182.1216,5338.8804
387,2518.66,2571.34,2518.44,2372.56,2337.7903,2373.9978,2350.9275,2375.121,2357.272,2335.2305
388,119.15,124.15,121.66,127.11001,125.91,118.69827,29.134834,83.84103,-26.234455,70.62683
389,7379.95,7407.41,7022.76,7144.3794,7459.69,7060.909,7063.168,6895.3115,6835.43,6967.414
390,19497.4,19140.8,19114.2,17776.7,16624.6,17208.156,17360.83,17090.541,17083.02,17247.715
391,423.561,420.735,397.81802,376.133,387.882,276.77383,195.65956,262.59833,196.87515,212.47968
392,9461.06,10167.269,9529.804,9656.718,9800.637,9485.688,9543.774,9350.108,9327.877,9362.658
393,624.818,624.509,616.762,632.003,633.713,457.16452,387.52094,467.18045,452.6065,374.24954
394,6884.6396,7096.28,7047.16,6978.2295,7037.58,6745.0376,6742.2275,6622.954,6534.753,6660.852
395,9758.853,9771.489,9795.7,9870.094,9321.781,9600.158,9669.629,9517.556,9471.567,9482.603
396,1047.87,1079.9799,1115.2999,1117.44,1166.72,824.2867,766.1336,838.51514,843.63983,741.71954
397,6093.67,6157.1294,5903.44,6218.2993,6403.9995,6291.6763,6286.642,6193.842,6081.7715,6219.9404
398,683.662,670.627,677.33105,640.562,666.523,488.3589,420.04718,500.7871,495.70352,401.5556
399,35552.516,39097.86,40218.48,40406.273,38347.062,37115.555,37801.117,36911.348,37079.65,37376.785
400,7653.9795,7678.24,7624.9194,7531.9795,6786.02,7589.507,7610.3784,7490.9575,7412.935,7493.7393
401,250.99002,249.011,257.064,263.072,258.621,194.58574,108.47581,171.36554,81.525154,139.21385
402,9374.888,9525.363,9581.071,9536.893,9677.113,9102.287,9158.241,9009.816,8958.861,8987.378
403,433.482,428.96204,438.821,440.169,449.46103,327.65695,249.87187,321.84033,270.2511,258.46307
404,9693.803,10666.483,10530.732,10767.14,10599.105,10079.002,10167.512,10129.85,10030.429,9972.695
405,3854.7852,3859.5837,3864.4153,3847.1758,3761.5571,3705.2676,3713.7808,3706.8591,3651.77,3704.8494
406,14360.199,13772.0,13819.8,11490.5,11188.6,13963.845,14141.844,14024.553,13929.614,13918.415
407,335.591,345.305,338.321,325.74902,325.892,270.24213,188.90475,256.2552,188.331,206.91093
408,448.903,446.264,446.181,485.724,491.77,332.23245,254.70496,325.70877,275.761,262.29797
409,511.98,517.237,514.043,498.075,508.286,355.568,279.8242,353.96152,310.1858,283.74344
410,249.011,257.064,263.072,258.621,255.41202,197.14267,111.22177,173.83975,84.829765,141.44986
411,546.32,538.71,582.69,578.7701,549.26,436.55276,365.8916,442.46768,422.234,355.64148
412,449.46103,454.433,438.886,441.46204,440.671,326.275,248.46344,319.06317,267.33548,257.0088
413,4451.8696,4602.17,4365.94,4347.11,3880.7603,5250.103,5270.3022,5252.373,5133.978,5268.8657
414,3601.0137,3576.0325,3604.5771,3585.1233,3600.8655,3524.2239,3527.607,3516.1746,3470.5618,3516.88
415,6576.69,6622.48,6588.3096,6602.9497,6652.23,6588.245,6585.0156,6488.085,6386.187,6509.3535
416,3637.5203,3625.0403,3582.88,4065.1997,3924.97,3409.978,3407.5105,3464.785,3396.3025,3407.2698
417,2958.11,2659.63,2717.02,2506.37,2464.58,2660.2888,2645.0447,2654.8647,2632.6702,2629.3062
418,533.864,531.386,536.92,537.972,569.194,378.43796,303.5293,373.63513,338.10486,302.72064
419,8144.1943,8827.765,8807.011,8723.785,8929.037,8081.694,8114.9634,7976.47,7910.0205,7978.1885
420,863.22,841.2,833.27,860.9,835.63,671.16754,610.0747,685.65027,691.8842,584.0658
421,8813.583,9055.525,8757.788,8815.662,8808.263,8990.823,9042.075,8937.274,8866.463,8879.89
422,420.904,421.44403,424.03,423.413,422.745,313.4507,234.81961,304.8021,249.32834,245.5655
423,15455.4,16936.8,17415.4,16408.2,16564.0,15896.247,15936.629,15672.383,15716.829,15856.084
424,1143.81,1133.25,1124.78,1182.68,1176.9,863.9515,806.85144,877.37177,882.13916,782.53046
425,16569.4,15178.2,15455.4,16936.8,17415.4,15766.124,15889.013,15139.116,15424.753,15616.441
426,11384.182,11555.362,11425.899,11429.507,11495.35,11074.97,11169.982,10944.588,10946.837,10947.427
427,589.333,586.666,588.782,585.436,584.653,428.65894,357.40414,433.9013,411.55878,348.61633
428,435.509,441.389,449.42502,445.737,450.282,319.80423,241.49121,312.0692,258.4751,251.2432
429,9965.57,9395.01,9337.549,8866.0,9578.63,11096.127,11183.872,11045.674,11008.073,10977.752
430,8230.924,8693.833,8838.375,8994.487,9320.353,7994.8003,8026.7783,7881.5737,7817.278,7891.9795
431,450.282,458.555,461.426,466.08902,444.68704,331.26025,253.56688,324.18738,274.10822,261.29315
432,1011.8,1029.91,1042.9,1027.3398,1038.1499,751.77094,692.1333,765.2233,771.35284,666.86005
433,119.0,121.205,123.3,121.15,118.501,109.44091,21.557667,68.228714,-41.12979,60.979786
434,606.59,610.436,614.544,626.316,622.861,435.6798,364.69394,440.48407,420.58643,354.58185
435,47504.855,47105.52,48717.293,47945.06,49199.87,49384.164,48996.45,49337.6,49365.402,50112.285
436,33466.098,34316.387,34269.523,33114.36,33537.18,33309.723,33966.055,33544.977,33424.71,33863.535
437,769.731,780.087,780.5561,781.4811,778.088,564.624,500.3372,582.55505,589.5537,474.54895
438,928.1,1001.96,1031.95,1131.9698,1129.4299,577.92,513.1019,592.7378,601.4119,487.4883
439,10763.232,10138.049,10131.057,10407.965,10159.96,10552.282,10643.673,10423.739,10421.023,10426.183
440,6371.2695,6359.4897,5738.3496,5648.0303,5575.55,6471.5684,6466.3574,6366.802,6264.2,6394.8525
441,373.447,376.02902,381.649,379.65402,384.26303,285.862,205.37111,274.20132,210.7827,220.90662
442,7708.99,7790.15,8036.49,8200.64,8071.2593,7422.3296,7437.302,7213.0786,7181.353,7320.4946
443,9800.637,9665.533,9653.68,9758.853,9771.489,9598.677,9663.247,9516.746,9473.819,9481.178
444,420.735,397.81802,376.133,387.882,387.408,296.12747,216.55727,282.38205,222.94342,229.64456
445,9190.8545,9137.993,9228.326,9123.41,9087.304,9057.127,9118.209,8983.152,8922.614,8945.727
446,17429.5,17527.0,16477.598,15170.1,14595.4,15364.124,15483.422,15134.427,15190.214,15295.194
447,7397.7964,7047.9165,7146.134,7218.371,7531.6636,7551.7935,7575.678,7522.77,7408.6484,7462.251
448,4122.9395,4161.2695,4130.8096,3882.59,3154.95,4180.94,4196.167,4188.4307,4117.327,4193.784
449,239.84,239.84698,243.607,238.168,238.477,187.1688,100.59616,162.65833,70.76153,132.50893
450,9411.841,9288.019,9332.341,9303.63,9648.718,9420.174,9483.139,9326.103,9283.025,9302.054
451,451.87503,444.669,450.30402,446.722,447.976,335.0545,257.78555,329.54935,280.1366,264.96738
452,7083.7993,7456.11,6853.84,6811.47,6636.32,6956.25,6970.9033,6897.0913,6784.5215,6874.9194
453,580.827,471.239,495.66595,491.172,460.273,422.90845,351.19855,427.15503,403.18097,343.36804
454,383.15802,358.41702,358.345,347.271,354.704,290.99142,210.89613,279.85065,217.91985,225.50931
455,6681.063,6716.4404,6469.798,6242.194,5922.043,6535.6245,6535.9365,6385.605,6304.7817,6455.5527
456,1555.45,1578.7999,1596.7098,1723.3499,1755.3599,1267.5435,1219.4601,1273.1493,1275.0903,1197.039
457,375.19803,380.55502,357.84,350.848,352.92,292.30298,212.62973,282.23978,220.19556,226.9806
458,449.37704,437.762,436.403,433.482,428.96204,335.70392,258.48978,329.28467,280.31665,265.39508
459,10233.9,11112.7,10551.8,11225.299,11403.7,9595.957,9658.548,9380.444,9395.465,9464.021
460,627.79,634.11,632.1,638.14,628.8,459.01437,389.88596,470.2341,455.96924,376.3102
461,336.187,352.94003,365.026,361.562,362.29904,253.20107,171.19917,239.32658,165.71811,192.26845
462,132.3,128.799,129.0,129.3,122.292,119.484726,29.762486,84.67569,-25.286364,71.33388
463,790.829,790.53,792.714,800.876,834.281,573.2211,509.20367,591.3667,598.2236,483.49603
464,9858.15,9654.8,9373.01,9234.819,9325.18,9549.671,9612.454,9416.475,9392.232,9425.566
465,31676.693,32505.66,33723.03,34662.438,31637.78,35644.336,36497.76,35913.89,35862.223,36103.332
466,9235.92,9743.859,9700.76,9858.15,9654.8,9134.914,9189.019,9052.378,8997.408,9020.417
467,438.821,440.169,449.46103,454.433,438.886,322.5554,244.55101,316.05347,262.8559,253.91898
468,8222.078,8243.722,8078.203,7514.672,7493.4883,7970.897,8003.4497,7887.9253,7808.312,7870.9346
469,376.52203,376.62,373.447,376.02902,381.649,289.96204,209.77884,277.6591,215.67203,224.3542
470,9199.584,9261.1045,9324.718,9235.3545,9412.612,9234.235,9288.174,9144.85,9097.889,9117.349
471,12407.332,11959.37,10817.156,10583.134,10801.678,11773.053,11840.93,11634.677,11638.971,11641.525
472,11862.937,11354.024,11523.579,11382.616,10895.83,11835.021,11935.64,11697.066,11711.591,11708.954
473,208.097,199.26,210.33899,214.861,211.315,170.2577,83.1836,147.4969,49.586857,118.41919
474,388.949,388.783,395.536,415.563,417.56302,275.07712,194.11406,262.16257,195.49414,211.35292
475,3847.1758,3761.5571,3896.375,3903.9426,3911.4844,3704.149,3711.0132,3697.4624,3645.7915,3701.8047
476,461.449,458.601,436.39,440.285,447.20905,365.64297,290.38553,363.54025,323.06207,292.32376
477,4597.12,4599.88,4228.7495,4226.06,4122.9395,4275.9917,4298.9487,4290.7803,4212.504,4294.703
478,223.41199,220.11,219.839,219.18498,221.76399,182.24449,95.46815,157.45139,63.952854,128.21037
479,9951.519,9842.666,9593.896,8756.431,8601.796,9052.701,9108.681,8937.221,8896.188,8936.662
480,9348.48,9419.08,9240.55,9119.01,9235.92,9033.868,9086.207,8950.367,8894.865,8919.703
481,11774.596,11366.135,11488.363,11323.396,11542.5,11619.988,11734.205,11556.253,11531.287,11504.556
482,764.224,768.132,770.81,772.79407,774.65,558.0266,493.39523,576.6075,583.53766,467.77124
483,392.15305,394.972,380.289,379.474,378.255,297.03256,217.42973,286.68674,226.22487,230.93224
484,10311.545,10374.34,10231.744,10345.81,10916.054,10497.583,10590.722,10532.524,10445.536,10390.795
485,5298.3857,5303.8125,5337.886,5314.5312,5399.365,5203.553,5235.513,5164.6943,5072.5864,5231.116
486,254.32,262.869,270.64,261.643,263.437,199.16315,113.31174,176.11261,87.725555,143.22292
487,860.9,835.63,814.64,840.0,870.96,633.31665,570.74646,654.10614,659.6463,546.01263
488,457.568,454.16302,453.783,454.61902,438.715,338.08597,260.9635,332.55762,284.15677,267.59918
489,826.0,819.03,829.92,832.58,825.37,600.3764,536.8855,620.8965,626.98206,512.035
490,4970.7876,5563.7065,5200.366,5392.315,5014.4795,7912.4497,7953.2754,7860.4653,7764.2793,7817.2783
491,3963.0706,3985.0808,4087.0662,4069.107,4098.3745,3886.2996,3897.1821,3880.113,3822.4976,3889.1245
492,241.832,240.296,242.15799,241.112,236.37698,192.19708,106.0068,168.28307,77.82353,137.03339
493,7707.771,7824.2314,7822.0234,8043.9507,7954.128,8387.016,8420.262,8304.635,8229.717,8279.267
494,8988.596,8897.469,8912.654,9003.069,9268.762,8652.306,8685.997,8491.047,8462.485,8534.544
495,677.33105,640.562,666.523,650.96,649.36,488.49976,420.80338,502.15964,496.7329,402.2102
496,9234.819,9325.18,9043.94,8441.49,8504.89,9474.509,9534.859,9407.577,9355.29,9358.303
497,382.299,387.168,380.149,420.23,410.262,293.44058,213.83398,285.79773,223.61833,228.51357
498,9209.287,8790.368,8906.935,8835.054,9181.018,9162.169,9227.639,9119.263,9049.526,9053.584
499,2875.34,2718.26,2710.67,2804.7302,2895.89,2521.0635,2500.4658,2518.4304,2498.4138,2485.6272
500,2601.99,2608.56,2518.66,2571.34,2518.44,2338.3262,2315.6362,2337.008,2319.9116,2298.4888
501,8719.962,8659.487,8319.472,8574.501,8564.017,8551.621,8589.173,8386.964,8357.882,8435.075
502,2320.42,2443.64,2304.9802,2202.42,2038.8699,1866.8855,1832.5066,1864.8452,1859.2772,1813.1199
503,7269.6846,7124.674,7152.302,6932.48,6640.5146,7258.249,7275.008,7173.5635,7080.9785,7169.2974
504,413.972,414.86,417.13104,421.69,411.624,307.76877,228.94106,298.7118,241.47562,240.60716
505,8247.18,8513.249,8418.99,8041.78,7557.82,8197.736,8239.513,8132.358,8049.8013,8097.356
506,484.83,482.278,474.60004,475.26,479.359,357.6466,281.675,354.14728,311.50677,284.97653
507,7047.9165,7146.134,7218.371,7531.6636,7463.106,7442.345,7469.312,7396.503,7290.0405,7354.899
508,106.636,108.99999,112.56199,109.99,108.994,104.43201,17.463764,60.395382,-48.785416,55.899982
509,6011.45,6031.6,6008.4194,5930.32,5526.6396,5747.2407,5738.884,5650.766,5538.795,5701.089
510,375.49103,378.04703,379.245,381.315,375.01004,282.4359,201.88596,270.04883,205.69109,217.85274
511,8929.28,8728.47,8879.62,8668.12,8495.78,8616.815,8661.367,8466.334,8430.77,8501.904
512,584.61005,590.83,722.43,771.44,797.82,423.79605,353.10794,415.62668,395.85855,342.50714
513,6489.19,6482.35,6487.1597,6475.7397,6495.84,6542.236,6536.956,6439.9854,6339.3516,6464.061
514,11094.347,10938.271,10462.26,10538.461,10246.187,10876.054,10964.787,10774.452,10762.121,10751.622
515,8736.98,8621.9,8129.97,8926.57,8598.31,7898.4385,7941.3066,7780.453,7712.9414,7799.2446
516,11488.363,11323.396,11542.5,11506.865,11711.506,11492.699,11597.73,11435.166,11404.167,11376.389
517,117.99999,111.5,108.3,100.0,106.34999,114.78917,25.990915,77.1888,-32.60311,66.55632
518,10144.557,10701.691,10855.371,11011.103,11790.917,9306.267,9365.993,9184.601,9153.043,9186.829
519,3502.656,3424.5881,3486.9502,3313.6772,3242.4849,3367.3196,3371.8923,3368.8196,3322.7417,3358.7285
520,422.745,420.349,419.411,421.56403,422.483,316.23825,237.71681,307.9389,253.3315,248.02838
521,2717.02,2506.37,2464.58,2518.5603,2655.8801,2581.6826,2560.6787,2592.0024,2565.2415,2548.9673
522,465.321,454.934,456.078,463.616,462.32202,327.28546,249.4276,319.98004,268.7855,257.84842
523,363.264,366.924,367.695,423.561,420.735,262.74057,180.75665,247.49785,177.61841,200.0654
524,23783.03,23241.344,23735.95,24664.79,26437.037,24519.941,24686.973,24189.422,24290.045,24977.828
525,756.227,763.781,737.226,666.652,596.116,535.8958,470.68924,550.61487,558.83057,444.13983
526,7321.0396,7370.78,7466.86,7354.13,7419.2896,6576.2603,6576.082,6439.217,6353.935,6496.402
527,7795.6006,7807.0586,8801.037,8658.554,8864.767,7586.826,7603.033,7458.104,7394.8203,7487.718
528,57523.42,54529.15,54738.95,52774.266,51704.164,58863.297,59215.227,56846.727,56116.91,55724.707
529,432.15204,432.519,433.504,437.69702,435.123,317.77997,239.50429,310.4571,256.02454,249.61736
530,1808.9099,1738.43,1734.45,1839.09,1888.6499,1546.814,1505.867,1559.0952,1554.3302,1486.3038
531,1049.14,1038.59,937.52,972.779,966.725,859.5092,803.6158,873.5926,877.4658,778.5656
532,8165.01,8192.15,8218.46,8180.48,7780.4395,8016.7144,8035.1533,7897.531,7836.2715,7910.2017
533,11512.6,11573.3,10779.9,9965.57,9395.01,11175.49,11269.58,11021.186,11037.822,11044.73
534,10462.26,10538.461,10246.187,10760.066,10692.717,10926.351,11019.914,10841.237,10820.429,10804.086
535,438.715,442.676,443.188,439.323,444.155,337.55093,260.40674,332.18143,283.61465,267.1703
536,505.97397,497.01,519.708,491.795,461.46,410.32428,337.6946,415.97974,387.6679,332.59732
537,8129.97,8926.57,8598.31,9494.63,10166.4,8485.124,8511.946,8312.687,8287.087,8366.883
538,8804.478,9269.987,9733.721,9328.197,9377.014,8797.71,8854.309,8804.718,8706.597,8697.506
539,129.12,125.950005,127.24999,128.22,128.38,118.2748,28.82101,82.78944,-27.164114,70.12443
540,230.298,235.019,239.84,239.84698,243.607,184.54099,97.75378,160.08817,67.32363,130.20227
541,414.065,416.43802,416.83,417.011,420.621,311.1854,232.27214,302.45218,246.31674,243.49539
542,240.35799,239.018,236.121,229.782,237.334,188.05923,101.45445,163.61633,72.00407,133.263
543,221.76399,235.42699,257.321,234.825,233.84299,179.03676,91.93951,154.08769,59.69117,125.32923
544,9607.424,10085.627,10399.67,10518.175,10821.727,9479.793,9550.855,9415.241,9361.296,9365.399
545,57858.92,58346.656,58313.645,57523.42,54529.15,58544.227,58986.375,56597.324,55868.418,55563.47
546,781.55,712.4,673.92,682.9001,681.03,609.20416,546.0119,628.1017,634.2312,520.7098
547,3521.1018,3419.9373,3476.1147,3614.2344,3502.656,3713.6821,3721.5981,3728.3723,3668.0994,3715.0403
548,703.418,711.522,703.131,709.8481,723.2731,508.69324,442.09525,525.6318,525.9271,420.4307
549,281.227,285.218,281.882,278.577,279.585,221.49434,137.1057,201.95638,119.783424,163.38074
550,7546.9966,7556.238,7564.345,7400.8994,7278.1196,7360.6455,7380.113,7259.13,7176.553,7269.0205
551,11754.046,11675.739,11878.11,11410.525,11584.934,11599.802,11696.329,11488.94,11486.614,11475.897
552,9670.739,9726.575,9729.038,9522.98,9081.762,9320.989,9371.696,9211.037,9174.75,9201.484
553,1281.08,1317.73,1316.48,1321.7899,1347.89,1023.6117,970.6576,1037.0173,1039.5762,947.2715
554,7275.156,7238.967,7290.0884,7317.9897,7422.6523,7342.869,7355.0425,7237.1235,7156.1855,7249.6016
555,9700.76,9858.15,9654.8,9373.01,9234.819,9408.589,9477.977,9290.533,9259.496,9289.979
556,1026.4299,1071.7899,1080.4999,1102.17,1143.81,816.7568,757.83044,829.8982,835.61414,733.51544
557,4409.3193,4317.48,4229.36,4328.4097,4370.8096,4219.635,4235.3643,4189.516,4132.0513,4227.3096
558,11768.87,11865.698,11892.804,12254.401,11991.233,11628.125,11743.857,11548.867,11533.115,11510.73
559,4257.42,4278.846,4017.2686,4214.672,4139.878,3692.6738,3703.4482,3709.7932,3648.181,3695.3628
560,34649.65,34434.336,35867.777,35040.84,33572.12,34063.9,34740.82,34300.613,34182.492,34585.96
561,639.193,637.96,630.52,630.857,632.82806,464.3343,395.10187,474.3951,462.21597,380.51517
562,8598.31,9494.63,10166.4,10233.9,11112.7,8563.989,8608.924,8445.237,8400.319,8454.98
563,60204.97,59893.453,63503.457,63109.695,63314.01,59689.777,60061.727,57583.293,56670.742,56300.285
564,9159.04,9185.816,9164.23,9374.888,9525.363,9090.084,9147.782,9007.36,8952.214,8976.72
565,530.0399,526.233,533.864,531.386,536.92,342.54285,265.75122,336.3325,289.66666,271.40643
566,10334.975,10115.976,10178.372,10410.127,10360.547,10394.541,10483.143,10318.003,10285.712,10274.119
567,124.15,121.66,127.11001,125.91,135.25,115.933876,26.899305,79.522156,-30.482433,67.80004
568,629.15,617.45,636.96,627.79,634.11,479.19324,410.11725,488.42886,481.74872,392.97787
569,8805.778,8719.962,8659.487,8319.472,8574.501,8284.581,8324.374,8135.153,8094.4985,8175.542
570,9137.993,9228.326,9123.41,9087.304,9132.487,9091.657,9150.611,9001.743,8949.479,8977.612
571,10178.372,10410.127,10360.547,10358.049,10347.713,10176.574,10258.636,10117.973,10073.132,10058.782
572,5337.886,5314.5312,5399.365,5572.362,5464.8667,5288.7456,5312.8364,5239.847,5145.1914,5304.3804
573,235.42699,257.321,234.825,233.84299,243.61,179.52263,92.48492,154.43129,60.182228,125.74302
574,417.56302,415.479,451.938,434.997,433.755,302.55475,223.12491,290.73715,232.82607,235.44608
575,38402.227,39294.2,38436.97,35697.605,34616.07,37032.633,37905.434,37105.656,37157.742,37365.906
576,7884.909,7343.8955,7271.208,8197.689,7978.3096,7966.1016,7984.727,7787.761,7756.4507,7855.8804
577,211.315,226.897,233.406,232.879,247.84702,172.9309,85.394554,146.29973,50.532116,119.666214
578,2710.67,2804.7302,2895.89,3252.9102,3213.94,2554.2632,2534.7578,2558.0215,2534.378,2520.6035
579,1149.9999,1188.4899,1116.72,1175.8298,1221.38,1020.7112,967.1204,1038.1539,1039.5308,944.7295
580,17706.9,19497.4,19140.8,19114.2,17776.7,16646.176,16772.76,16573.842,16536.982,16676.186
581,2434.55,2506.4702,2564.06,2601.64,2601.99,2286.6396,2262.1396,2296.233,2276.447,2246.8345
582,281.654,283.68,285.3,293.788,304.618,215.17531,130.30647,193.86215,110.20279,157.49533
583,477.42603,477.586,489.66,483.342,484.83,356.42816,280.50665,355.25842,311.58713,284.43704
584,1321.7899,1347.89,1421.6,1452.8198,1490.0898,1079.1284,1026.7991,1090.6562,1093.3224,1003.90314
585,7916.88,8223.68,8630.65,8913.47,8929.28,8331.866,8385.781,8299.252,8204.246,8233.755
586,272.72302,276.261,274.354,289.607,291.76,216.27652,131.3472,195.31831,112.026184,158.47934
587,665.58,682.21,761.98,735.07,727.83,467.5349,398.829,476.4638,466.3751,383.30936
588,35547.754,30825.7,33005.766,32067.645,32289.379,36098.836,36897.555,36195.926,36226.113,36490.082
589,6951.8,6753.1196,6305.8,6568.2295,6184.71,7152.2856,7167.8057,7092.244,6985.9365,7067.5747
590,8294.31,8845.83,8895.58,8802.46,8930.88,8038.162,8071.857,7942.7593,7873.1084,7936.7827
591,112.3,111.5,113.566,112.67,117.2,109.17908,21.613436,67.73057,-41.781544,60.776085
592,46456.06,43537.516,42909.402,37002.44,40782.742,46969.164,47887.934,46077.07,47164.566,47046.332
593,5750.8,5904.83,5780.9,5753.0894,6153.85,5862.153,5836.7197,5774.1924,5648.638,5798.3784
594,239.142,236.68698,236.05998,237.54898,237.293,188.16747,101.57072,164.0521,72.40108,133.41353
595,4370.8096,4426.8896,4610.48,4772.0195,4781.99,4186.0806,4204.366,4180.5137,4113.5205,4197.953
596,281.882,278.577,279.585,260.997,265.083,221.75145,137.36848,201.8387,119.86992,163.53127